/*
Navicat MySQL Data Transfer

Source Server         : localhost
Source Server Version : 50710
Source Host           : localhost:3306
Source Database       : test_user_performance

Target Server Type    : MYSQL
Target Server Version : 50710
File Encoding         : 65001

Date: 2018-07-04 22:41:01
*/

SET FOREIGN_KEY_CHECKS=0;

-- ----------------------------
-- Table structure for user_info
-- ----------------------------
DROP TABLE IF EXISTS `user_info`;
CREATE TABLE `user_info` (
  `user_info_id` bigint(20) NOT NULL AUTO_INCREMENT,
  `login_id` bigint(20) NOT NULL,
  `id_card` varchar(50) COLLATE utf8_latvian_ci NOT NULL,
  `user_name` varchar(25) COLLATE utf8_latvian_ci NOT NULL,
  `birthday` varchar(50) COLLATE utf8_latvian_ci NOT NULL,
  `sex` int(11) NOT NULL,
  `phone` varchar(50) COLLATE utf8_latvian_ci DEFAULT NULL,
  `is_deleted` int(11) NOT NULL,
  `pid` bigint(20) NOT NULL COMMENT '父ID 为0时，是最大职级',
  `dispostion` int(11) NOT NULL,
  `created_time` timestamp NOT NULL DEFAULT '0000-00-00 00:00:00',
  `modified_time` timestamp NOT NULL DEFAULT '0000-00-00 00:00:00',
  `created_user_info_id` bigint(20) NOT NULL,
  `modified_user_info_id` bigint(20) NOT NULL,
  PRIMARY KEY (`user_info_id`),
  UNIQUE KEY `id_card` (`id_card`) USING HASH
) ENGINE=InnoDB AUTO_INCREMENT=67 DEFAULT CHARSET=utf8 COLLATE=utf8_latvian_ci COMMENT='用戶信息';

-- ----------------------------
-- Records of user_info
-- ----------------------------
INSERT INTO `user_info` VALUES ('1', '1', '410882199009013402', 'admin', '20190105', '1', '18832058799', '0', '0', '99', '2018-06-27 22:25:45', '2018-06-27 22:25:45', '1', '1');
INSERT INTO `user_info` VALUES ('2', '2', '41088219900901340111', 'department1', '20190105', '1', '18832058799', '0', '1', '4', '2018-06-27 22:25:47', '2018-06-27 22:25:47', '1', '1');
INSERT INTO `user_info` VALUES ('3', '3', '410882199009013404', 'department2', '20190105', '1', '18832058799', '0', '1', '4', '2018-06-27 22:25:50', '2018-06-27 22:25:50', '1', '1');
INSERT INTO `user_info` VALUES ('4', '4', '410882199009013403', 'department3', '20190105', '1', '18832058799', '0', '1', '4', '2018-06-27 22:25:54', '2018-06-27 22:25:54', '1', '1');
INSERT INTO `user_info` VALUES ('5', '5', '410882199009013406', 'center5', '20190105', '1', '18832058799', '0', '2', '3', '2018-06-27 22:25:56', '2018-06-27 22:25:56', '2', '2');
INSERT INTO `user_info` VALUES ('6', '6', '410882199009013407', 'center738', '20190105', '1', '18832058799', '0', '2', '3', '2018-06-27 22:25:58', '2018-06-27 22:25:58', '2', '2');
INSERT INTO `user_info` VALUES ('7', '7', '410882199009013408', 'center954', '20190105', '1', '18832058799', '0', '2', '3', '2018-06-27 22:26:01', '2018-06-27 22:26:01', '2', '2');
INSERT INTO `user_info` VALUES ('8', '8', '410882199009013409', 'center483', '20190105', '1', '18832058799', '0', '2', '3', '2018-06-27 22:26:03', '2018-06-27 22:26:03', '2', '2');
INSERT INTO `user_info` VALUES ('9', '9', '410882199009013410', 'center951', '20190105', '1', '18832058799', '0', '2', '3', '2018-05-30 14:21:38', '2018-05-30 14:21:38', '2', '2');
INSERT INTO `user_info` VALUES ('10', '10', '410882199009013411', 'center421', '20190105', '1', '18832058799', '0', '2', '3', '2018-06-27 22:26:06', '2018-06-27 22:26:06', '2', '2');
INSERT INTO `user_info` VALUES ('11', '11', '410882199009013412', 'center11', '20190105', '1', '18832058799', '0', '3', '3', '2018-06-27 22:26:12', '2018-06-27 22:26:12', '3', '3');
INSERT INTO `user_info` VALUES ('12', '12', '410882199009013413', 'center632', '20190105', '1', '18832058799', '0', '3', '3', '2018-06-27 22:26:15', '2018-06-27 22:26:15', '3', '3');
INSERT INTO `user_info` VALUES ('13', '13', '410882199009013414', 'center162', '20190105', '1', '18832058799', '0', '3', '3', '2018-06-27 22:26:19', '2018-06-27 22:26:19', '3', '3');
INSERT INTO `user_info` VALUES ('14', '14', '410882199009013415', 'center746', '20190105', '1', '18832058799', '0', '3', '3', '2018-06-27 22:26:22', '2018-06-27 22:26:22', '3', '3');
INSERT INTO `user_info` VALUES ('15', '15', '410882199009013416', 'center998', '20190105', '1', '18832058799', '0', '3', '3', '2018-06-27 22:26:25', '2018-06-27 22:26:25', '3', '3');
INSERT INTO `user_info` VALUES ('16', '16', '410882199009013417', 'center16', '20190105', '1', '18832058799', '0', '3', '3', '2018-06-27 22:26:38', '2018-06-27 22:26:38', '3', '3');
INSERT INTO `user_info` VALUES ('17', '17', '410882199009013418', 'center275', '20190105', '1', '18832058799', '0', '4', '3', '2018-06-27 22:26:46', '2018-06-27 22:26:46', '4', '4');
INSERT INTO `user_info` VALUES ('18', '18', '410882199009013419', 'center162', '20190105', '1', '18832058799', '0', '4', '3', '2018-06-27 22:26:50', '2018-06-27 22:26:50', '4', '4');
INSERT INTO `user_info` VALUES ('19', '19', '410882199009013420', 'center448', '20190105', '1', '18832058799', '0', '4', '3', '2018-06-27 22:26:53', '2018-06-27 22:26:53', '4', '4');
INSERT INTO `user_info` VALUES ('20', '20', '410882199009013421', 'center301', '20190105', '1', '18832058799', '0', '4', '3', '2018-06-27 22:26:55', '2018-06-27 22:26:55', '4', '4');
INSERT INTO `user_info` VALUES ('21', '21', '410882199009013422', 'center554', '20190105', '1', '18832058799', '0', '4', '3', '2018-06-27 22:26:58', '2018-06-27 22:26:58', '4', '4');
INSERT INTO `user_info` VALUES ('22', '22', '410882199009013423', 'leader22', '20190105', '1', '18832058799', '0', '5', '2', '2018-06-27 22:27:00', '2018-06-27 22:27:00', '5', '5');
INSERT INTO `user_info` VALUES ('23', '23', '410882199009013424', 'leader23', '20190105', '1', '18832058799', '0', '5', '2', '2018-06-27 22:27:03', '2018-06-27 22:27:03', '5', '5');
INSERT INTO `user_info` VALUES ('24', '24', '410882199009013425', 'leader185', '20190105', '1', '18832058799', '0', '5', '2', '2018-05-30 14:35:54', '2018-05-30 14:35:54', '5', '5');
INSERT INTO `user_info` VALUES ('25', '25', '410882199009013426', 'leader867', '20190105', '1', '18832058799', '0', '5', '2', '2018-05-30 14:35:54', '2018-05-30 14:35:54', '5', '5');
INSERT INTO `user_info` VALUES ('26', '26', '410882199009013427', 'leader462', '20190105', '1', '18832058799', '0', '5', '2', '2018-05-30 14:35:54', '2018-05-30 14:35:54', '5', '5');
INSERT INTO `user_info` VALUES ('27', '27', '410882199009013428', 'leader27', '20190105', '1', '18832058799', '0', '11', '2', '2018-05-30 14:41:25', '2018-05-30 14:41:25', '11', '11');
INSERT INTO `user_info` VALUES ('28', '28', '410882199009013429', 'leader28', '20190105', '1', '18832058799', '0', '11', '2', '2018-05-30 14:52:07', '2018-05-30 14:52:07', '11', '11');
INSERT INTO `user_info` VALUES ('29', '29', '410882199009013430', 'leader618', '20190105', '1', '18832058799', '0', '11', '2', '2018-05-30 14:37:10', '2018-05-30 14:37:10', '11', '11');
INSERT INTO `user_info` VALUES ('30', '30', '410882199009013431', 'leader102', '20190105', '1', '18832058799', '0', '11', '2', '2018-05-30 14:37:10', '2018-05-30 14:37:10', '11', '11');
INSERT INTO `user_info` VALUES ('31', '31', '410882199009013432', 'leader522', '20190105', '1', '18832058799', '0', '11', '2', '2018-05-30 14:37:10', '2018-05-30 14:37:10', '11', '11');
INSERT INTO `user_info` VALUES ('32', '32', '410882199009013433', 'leader32', '20190105', '1', '18832058799', '0', '16', '2', '2018-05-30 14:41:34', '2018-05-30 14:41:34', '16', '16');
INSERT INTO `user_info` VALUES ('33', '33', '410882199009013434', 'leader33', '20190105', '1', '18832058799', '0', '16', '2', '2018-05-30 14:52:10', '2018-05-30 14:52:10', '16', '16');
INSERT INTO `user_info` VALUES ('34', '34', '410882199009013435', 'leader113', '20190105', '1', '18832058799', '0', '16', '2', '2018-05-30 14:38:34', '2018-05-30 14:38:34', '16', '16');
INSERT INTO `user_info` VALUES ('35', '35', '410882199009013436', 'leader932', '20190105', '1', '18832058799', '0', '16', '2', '2018-05-30 14:38:34', '2018-05-30 14:38:34', '16', '16');
INSERT INTO `user_info` VALUES ('36', '36', '410882199009013437', 'leader653', '20190105', '1', '18832058799', '0', '16', '2', '2018-05-30 14:38:34', '2018-05-30 14:38:34', '16', '16');
INSERT INTO `user_info` VALUES ('37', '37', '410882199009013438', 'common310', '20190105', '1', '18832058799', '0', '22', '1', '2018-05-30 14:44:43', '2018-05-30 14:44:43', '22', '22');
INSERT INTO `user_info` VALUES ('38', '38', '41088219900901344111', 'common628', '20190105', '1', '18832058799', '0', '22', '1', '2018-05-30 14:44:43', '2018-05-30 14:44:43', '22', '22');
INSERT INTO `user_info` VALUES ('39', '39', '410882199009013440', 'common6', '20190105', '1', '18832058799', '0', '22', '1', '2018-05-30 14:44:43', '2018-05-30 14:44:43', '22', '22');
INSERT INTO `user_info` VALUES ('40', '40', '410882199009013441', 'common384', '20190105', '1', '18832058799', '0', '22', '1', '2018-05-30 14:44:43', '2018-05-30 14:44:43', '22', '22');
INSERT INTO `user_info` VALUES ('41', '41', '410882199009013442', 'common137', '20190105', '1', '18832058799', '0', '22', '1', '2018-05-30 14:44:43', '2018-05-30 14:44:43', '22', '22');
INSERT INTO `user_info` VALUES ('42', '42', '410882199009013443', 'common725', '20190105', '1', '18832058799', '0', '27', '1', '2018-05-30 14:45:31', '2018-05-30 14:45:31', '27', '27');
INSERT INTO `user_info` VALUES ('43', '43', '4108821990090134391', 'common379', '20190105', '1', '18832058799', '0', '27', '1', '2018-05-30 14:45:31', '2018-05-30 14:45:31', '27', '27');
INSERT INTO `user_info` VALUES ('44', '44', '4108821990090134392', 'common219', '20190105', '1', '18832058799', '0', '27', '1', '2018-05-30 14:45:31', '2018-05-30 14:45:31', '27', '27');
INSERT INTO `user_info` VALUES ('45', '45', '4108821990090134393', 'common173', '20190105', '1', '18832058799', '0', '27', '1', '2018-05-30 14:45:31', '2018-05-30 14:45:31', '27', '27');
INSERT INTO `user_info` VALUES ('46', '46', '4108821990090134394', 'common24', '20190105', '1', '18832058799', '0', '27', '1', '2018-05-30 14:45:31', '2018-05-30 14:45:31', '27', '27');
INSERT INTO `user_info` VALUES ('47', '47', '4108821990090134395', 'common130', '20190105', '1', '18832058799', '0', '32', '1', '2018-05-30 14:46:33', '2018-05-30 14:46:33', '32', '32');
INSERT INTO `user_info` VALUES ('48', '48', '4108821990090134396', 'common630', '20190105', '1', '18832058799', '0', '32', '1', '2018-05-30 14:46:33', '2018-05-30 14:46:33', '32', '32');
INSERT INTO `user_info` VALUES ('49', '49', '4108821990090134399', 'common897', '20190105', '1', '18832058799', '0', '32', '1', '2018-05-30 14:46:33', '2018-05-30 14:46:33', '32', '32');
INSERT INTO `user_info` VALUES ('50', '50', '4108821990090134397', 'common563', '20190105', '1', '18832058799', '0', '32', '1', '2018-05-30 14:46:33', '2018-05-30 14:46:33', '32', '32');
INSERT INTO `user_info` VALUES ('51', '51', '4108821990090134398', 'common318', '20190105', '1', '18832058799', '0', '32', '1', '2018-05-30 14:46:33', '2018-05-30 14:46:33', '32', '32');
INSERT INTO `user_info` VALUES ('52', '52', '41088219900901343912', 'common368', '20190105', '1', '18832058799', '0', '23', '1', '2018-05-30 14:48:54', '2018-05-30 14:48:54', '23', '23');
INSERT INTO `user_info` VALUES ('53', '53', '41088219900901343913', 'common809', '20190105', '1', '18832058799', '0', '23', '1', '2018-05-30 14:48:54', '2018-05-30 14:48:54', '23', '23');
INSERT INTO `user_info` VALUES ('54', '54', '41088219900901343914', 'common999', '20190105', '1', '18832058799', '0', '23', '1', '2018-05-30 14:48:54', '2018-05-30 14:48:54', '23', '23');
INSERT INTO `user_info` VALUES ('55', '55', '41088219900901343915', 'common91', '20190105', '1', '18832058799', '0', '23', '1', '2018-05-30 14:48:54', '2018-05-30 14:48:54', '23', '23');
INSERT INTO `user_info` VALUES ('56', '56', '41088219900901343911', 'common593', '20190105', '1', '18832058799', '0', '23', '1', '2018-05-30 14:48:54', '2018-05-30 14:48:54', '23', '23');
INSERT INTO `user_info` VALUES ('57', '57', '41088219900901343916', 'common607', '20190105', '1', '18832058799', '0', '28', '1', '2018-05-30 14:49:42', '2018-05-30 14:49:42', '28', '28');
INSERT INTO `user_info` VALUES ('58', '58', '41088219900901343917', 'common996', '20190105', '1', '18832058799', '0', '28', '1', '2018-05-30 14:49:42', '2018-05-30 14:49:42', '28', '28');
INSERT INTO `user_info` VALUES ('59', '59', '41088219900901343922', 'common52', '20190105', '1', '18832058799', '0', '28', '1', '2018-05-30 14:49:42', '2018-05-30 14:49:42', '28', '28');
INSERT INTO `user_info` VALUES ('60', '60', '41088219900901343921', 'common898', '20190105', '1', '18832058799', '0', '28', '1', '2018-05-30 14:49:42', '2018-05-30 14:49:42', '28', '28');
INSERT INTO `user_info` VALUES ('61', '61', '41088219900901343919', 'common772', '20190105', '1', '18832058799', '0', '28', '1', '2018-05-30 14:49:42', '2018-05-30 14:49:42', '28', '28');
INSERT INTO `user_info` VALUES ('62', '62', '41088219900901343901', 'common529', '20190105', '1', '18832058799', '0', '33', '1', '2018-05-30 14:50:26', '2018-05-30 14:50:26', '33', '33');
INSERT INTO `user_info` VALUES ('63', '63', '41088219900901343902', 'common645', '20190105', '1', '18832058799', '0', '33', '1', '2018-05-30 14:50:26', '2018-05-30 14:50:26', '33', '33');
INSERT INTO `user_info` VALUES ('64', '64', '41088219900901343903', 'common199', '20190105', '1', '18832058799', '0', '33', '1', '2018-05-30 14:50:26', '2018-05-30 14:50:26', '33', '33');
INSERT INTO `user_info` VALUES ('65', '65', '41088219900901343904', 'common913', '20190105', '1', '18832058799', '0', '33', '1', '2018-05-30 14:50:26', '2018-05-30 14:50:26', '33', '33');
INSERT INTO `user_info` VALUES ('66', '66', '41088219900901343905', 'common281', '20190105', '1', '18832058799', '0', '33', '1', '2018-05-30 14:50:26', '2018-05-30 14:50:26', '33', '33');

-- ----------------------------
-- Table structure for user_login
-- ----------------------------
DROP TABLE IF EXISTS `user_login`;
CREATE TABLE `user_login` (
  `login_id` bigint(20) NOT NULL AUTO_INCREMENT COMMENT '登录信息表ID',
  `user_info_id` bigint(20) DEFAULT NULL,
  `is_deleted` int(11) NOT NULL,
  `login_name` varchar(50) COLLATE utf8_latvian_ci NOT NULL,
  `password` varchar(50) COLLATE utf8_latvian_ci NOT NULL,
  `dispostion` int(11) NOT NULL,
  `created_time` timestamp NULL DEFAULT '0000-00-00 00:00:00',
  `modified_time` timestamp NULL DEFAULT '0000-00-00 00:00:00',
  `created_user` varchar(50) COLLATE utf8_latvian_ci NOT NULL,
  `modified_user` varchar(50) COLLATE utf8_latvian_ci NOT NULL,
  `created_user_id` bigint(20) NOT NULL,
  `modified_user_id` bigint(20) NOT NULL,
  PRIMARY KEY (`login_id`)
) ENGINE=InnoDB AUTO_INCREMENT=67 DEFAULT CHARSET=utf8 COLLATE=utf8_latvian_ci;

-- ----------------------------
-- Records of user_login
-- ----------------------------
INSERT INTO `user_login` VALUES ('1', '1', '0', 'admin', 'admin', '99', '2018-05-31 16:21:02', '2018-05-31 16:21:02', 'admin', 'admin', '1', '1');
INSERT INTO `user_login` VALUES ('2', '2', '0', 'department1', 'department1', '4', '2018-05-30 13:54:45', '2018-05-30 13:54:45', 'admin', 'admin', '1', '1');
INSERT INTO `user_login` VALUES ('3', '3', '0', 'department2', 'department681', '4', '2018-05-30 14:12:09', '2018-05-30 14:12:09', 'admin', 'admin', '1', '1');
INSERT INTO `user_login` VALUES ('4', '4', '0', 'department3', 'dipartment770', '4', '2018-05-30 14:12:11', '2018-05-30 14:12:11', 'admin', 'admin', '1', '1');
INSERT INTO `user_login` VALUES ('5', '5', '0', 'center5', 'center5', '3', '2018-05-30 14:33:24', '2018-05-30 14:33:24', 'department1', 'department1', '2', '2');
INSERT INTO `user_login` VALUES ('6', '6', '0', 'center738', 'center738', '3', '2018-05-30 11:54:12', '2018-05-30 11:54:12', 'department1', 'department1', '2', '2');
INSERT INTO `user_login` VALUES ('7', '7', '0', 'center954', 'center954', '3', '2018-05-30 11:54:12', '2018-05-30 11:54:12', 'department1', 'department1', '2', '2');
INSERT INTO `user_login` VALUES ('8', '8', '0', 'center483', 'center483', '3', '2018-05-30 11:54:12', '2018-05-30 11:54:12', 'department1', 'department1', '2', '2');
INSERT INTO `user_login` VALUES ('9', '9', '0', 'center951', 'center951', '3', '2018-05-30 11:54:12', '2018-05-30 11:54:12', 'department1', 'department1', '2', '2');
INSERT INTO `user_login` VALUES ('10', '10', '0', 'center_test4', 'center_test4', '3', '2018-06-26 12:46:35', '2018-06-26 12:48:26', 'department1', 'department1', '2', '2');
INSERT INTO `user_login` VALUES ('11', '11', '0', 'center11', 'center11', '3', '2018-05-30 14:33:34', '2018-05-30 14:33:34', 'department3', 'department2', '3', '3');
INSERT INTO `user_login` VALUES ('12', '12', '0', 'center632', 'center632', '3', '2018-05-30 14:28:15', '2018-05-30 14:28:15', 'department3', 'department2', '3', '3');
INSERT INTO `user_login` VALUES ('13', '13', '0', 'center162', 'center162', '3', '2018-05-30 14:28:18', '2018-05-30 14:28:18', 'department3', 'department2', '3', '3');
INSERT INTO `user_login` VALUES ('14', '14', '0', 'center746', 'center746', '3', '2018-05-30 14:28:20', '2018-05-30 14:28:20', 'department3', 'department2', '3', '3');
INSERT INTO `user_login` VALUES ('15', '15', '0', 'center998', 'center998', '3', '2018-05-30 14:28:22', '2018-05-30 14:28:22', 'department3', 'department2', '3', '3');
INSERT INTO `user_login` VALUES ('16', '16', '0', 'center16', 'center16', '3', '2018-05-30 14:33:44', '2018-05-30 14:33:44', 'department3', 'department2', '3', '3');
INSERT INTO `user_login` VALUES ('17', '17', '0', 'center275', 'center275', '3', '2018-05-30 14:39:39', '2018-05-30 14:39:39', 'department3', 'department3', '4', '4');
INSERT INTO `user_login` VALUES ('18', '18', '0', 'center162', 'center162', '3', '2018-05-30 14:39:42', '2018-05-30 14:39:42', 'department3', 'department3', '4', '4');
INSERT INTO `user_login` VALUES ('19', '19', '0', 'center448', 'center448', '3', '2018-05-30 14:39:45', '2018-05-30 14:39:45', 'department3', 'department3', '4', '4');
INSERT INTO `user_login` VALUES ('20', '20', '0', 'center301', 'center301', '3', '2018-05-30 14:39:48', '2018-05-30 14:39:48', 'department3', 'department3', '4', '4');
INSERT INTO `user_login` VALUES ('21', '21', '0', 'center554', 'center554', '3', '2018-05-30 14:39:50', '2018-05-30 14:39:50', 'department3', 'department3', '4', '4');
INSERT INTO `user_login` VALUES ('22', '22', '0', 'leader22', 'leader22', '2', '2018-05-30 14:42:11', '2018-05-30 14:42:11', 'center3', 'center3', '5', '5');
INSERT INTO `user_login` VALUES ('23', '23', '0', 'leader23', 'leader23', '2', '2018-05-30 14:51:20', '2018-05-30 14:51:20', 'center3', 'center3', '5', '5');
INSERT INTO `user_login` VALUES ('24', '24', '0', 'leader185', 'leader185', '2', '2018-05-30 11:54:12', '2018-05-30 11:54:12', 'center3', 'center3', '5', '5');
INSERT INTO `user_login` VALUES ('25', '25', '0', 'leader867', 'leader867', '2', '2018-05-30 11:54:12', '2018-05-30 11:54:12', 'center3', 'center3', '5', '5');
INSERT INTO `user_login` VALUES ('26', '26', '0', 'leader462', 'leader462', '2', '2018-05-30 11:54:12', '2018-05-30 11:54:12', 'center3', 'center3', '5', '5');
INSERT INTO `user_login` VALUES ('27', '27', '0', 'leader27', 'leader27', '2', '2018-05-30 14:42:15', '2018-05-30 14:42:15', 'center11', 'center11', '11', '11');
INSERT INTO `user_login` VALUES ('28', '28', '0', 'leader28', 'leader28', '2', '2018-05-30 14:51:28', '2018-05-30 14:51:28', 'center11', 'center11', '11', '11');
INSERT INTO `user_login` VALUES ('29', '29', '0', 'leader618', 'leader618', '2', '2018-05-30 11:54:12', '2018-05-30 11:54:12', 'center11', 'center11', '11', '11');
INSERT INTO `user_login` VALUES ('30', '30', '0', 'leader102', 'leader102', '2', '2018-05-30 11:54:12', '2018-05-30 11:54:12', 'center11', 'center11', '11', '11');
INSERT INTO `user_login` VALUES ('31', '31', '0', 'leader522', 'leader522', '2', '2018-05-30 11:54:12', '2018-05-30 11:54:12', 'center11', 'center11', '11', '11');
INSERT INTO `user_login` VALUES ('32', '32', '0', 'leader32', 'leader32', '2', '2018-05-30 14:42:00', '2018-05-30 14:42:00', 'center16', 'center16', '16', '16');
INSERT INTO `user_login` VALUES ('33', '33', '0', 'leader33', 'leader33', '2', '2018-05-30 14:51:35', '2018-05-30 14:51:35', 'center16', 'center16', '16', '16');
INSERT INTO `user_login` VALUES ('34', '34', '0', 'leader113', 'leader113', '2', '2018-05-30 11:54:12', '2018-05-30 11:54:12', 'center16', 'center16', '16', '16');
INSERT INTO `user_login` VALUES ('35', '35', '0', 'leader932', 'leader932', '2', '2018-05-30 11:54:12', '2018-05-30 11:54:12', 'center16', 'center16', '16', '16');
INSERT INTO `user_login` VALUES ('36', '36', '0', 'leader653', 'leader653', '2', '2018-05-30 11:54:12', '2018-05-30 11:54:12', 'center16', 'center16', '16', '16');
INSERT INTO `user_login` VALUES ('37', '37', '0', 'common310', 'common310', '1', '2018-05-30 11:54:12', '2018-05-30 11:54:12', 'leader22', 'leader22', '22', '22');
INSERT INTO `user_login` VALUES ('38', '38', '0', 'common628', 'common628', '1', '2018-05-30 11:54:12', '2018-05-30 11:54:12', 'leader22', 'leader22', '22', '22');
INSERT INTO `user_login` VALUES ('39', '39', '0', 'common6', 'common6', '1', '2018-05-30 11:54:12', '2018-05-30 11:54:12', 'leader22', 'leader22', '22', '22');
INSERT INTO `user_login` VALUES ('40', '40', '0', 'common384', 'common384', '1', '2018-05-30 11:54:12', '2018-05-30 11:54:12', 'leader22', 'leader22', '22', '22');
INSERT INTO `user_login` VALUES ('41', '41', '0', 'common137', 'common137', '1', '2018-05-30 11:54:12', '2018-05-30 11:54:12', 'leader22', 'leader22', '22', '22');
INSERT INTO `user_login` VALUES ('42', '42', '0', 'common725', 'common725', '1', '2018-05-30 11:54:12', '2018-05-30 11:54:12', 'leader27', 'leader27', '27', '27');
INSERT INTO `user_login` VALUES ('43', '43', '0', 'common379', 'common379', '1', '2018-05-30 11:54:12', '2018-05-30 11:54:12', 'leader27', 'leader27', '27', '27');
INSERT INTO `user_login` VALUES ('44', '44', '0', 'common219', 'common219', '1', '2018-05-30 11:54:12', '2018-05-30 11:54:12', 'leader27', 'leader27', '27', '27');
INSERT INTO `user_login` VALUES ('45', '45', '0', 'common173', 'common173', '1', '2018-05-30 11:54:12', '2018-05-30 11:54:12', 'leader27', 'leader27', '27', '27');
INSERT INTO `user_login` VALUES ('46', '46', '0', 'common24', 'common24', '1', '2018-05-30 11:54:12', '2018-05-30 11:54:12', 'leader27', 'leader27', '27', '27');
INSERT INTO `user_login` VALUES ('47', '47', '0', 'common130', 'common130', '1', '2018-05-30 11:54:12', '2018-05-30 11:54:12', 'leader32', 'leader32', '32', '32');
INSERT INTO `user_login` VALUES ('48', '48', '0', 'common630', 'common630', '1', '2018-05-30 11:54:12', '2018-05-30 11:54:12', 'leader32', 'leader32', '32', '32');
INSERT INTO `user_login` VALUES ('49', '49', '0', 'common897', 'common897', '1', '2018-05-30 11:54:12', '2018-05-30 11:54:12', 'leader32', 'leader32', '32', '32');
INSERT INTO `user_login` VALUES ('50', '50', '0', 'common563', 'common563', '1', '2018-05-30 11:54:12', '2018-05-30 11:54:12', 'leader32', 'leader32', '32', '32');
INSERT INTO `user_login` VALUES ('51', '51', '0', 'common318', 'common318', '1', '2018-05-30 11:54:12', '2018-05-30 11:54:12', 'leader32', 'leader32', '32', '32');
INSERT INTO `user_login` VALUES ('52', '52', '0', 'common368', 'common368', '1', '2018-05-30 11:54:12', '2018-05-30 11:54:12', 'leader23', 'leader23', '23', '23');
INSERT INTO `user_login` VALUES ('53', '53', '0', 'common809', 'common809', '1', '2018-05-30 11:54:12', '2018-05-30 11:54:12', 'leader23', 'leader23', '23', '23');
INSERT INTO `user_login` VALUES ('54', '54', '0', 'common999', 'common999', '1', '2018-05-30 11:54:12', '2018-05-30 11:54:12', 'leader23', 'leader23', '23', '23');
INSERT INTO `user_login` VALUES ('55', '55', '0', 'common91', 'common91', '1', '2018-05-30 11:54:12', '2018-05-30 11:54:12', 'leader23', 'leader23', '23', '23');
INSERT INTO `user_login` VALUES ('56', '56', '0', 'common593', 'common593', '1', '2018-05-30 11:54:12', '2018-05-30 11:54:12', 'leader23', 'leader23', '23', '23');
INSERT INTO `user_login` VALUES ('57', '57', '0', 'common607', 'common607', '1', '2018-05-30 11:54:12', '2018-05-30 11:54:12', 'leader28', 'leader28', '28', '28');
INSERT INTO `user_login` VALUES ('58', '58', '0', 'common996', 'common996', '1', '2018-05-30 11:54:12', '2018-05-30 11:54:12', 'leader28', 'leader28', '28', '28');
INSERT INTO `user_login` VALUES ('59', '59', '0', 'common52', 'common52', '1', '2018-05-30 11:54:12', '2018-05-30 11:54:12', 'leader28', 'leader28', '28', '28');
INSERT INTO `user_login` VALUES ('60', '60', '0', 'common898', 'common898', '1', '2018-05-30 11:54:12', '2018-05-30 11:54:12', 'leader28', 'leader28', '28', '28');
INSERT INTO `user_login` VALUES ('61', '61', '0', 'common772', 'common772', '1', '2018-05-30 11:54:12', '2018-05-30 11:54:12', 'leader28', 'leader28', '28', '28');
INSERT INTO `user_login` VALUES ('62', '62', '0', 'common529', 'common529', '1', '2018-05-30 11:54:12', '2018-05-30 11:54:12', 'leader33', 'leader33', '33', '33');
INSERT INTO `user_login` VALUES ('63', '63', '0', 'common645', 'common645', '1', '2018-05-30 11:54:12', '2018-05-30 11:54:12', 'leader33', 'leader33', '33', '33');
INSERT INTO `user_login` VALUES ('64', '64', '0', 'common199', 'common199', '1', '2018-05-30 11:54:12', '2018-05-30 11:54:12', 'leader33', 'leader33', '33', '33');
INSERT INTO `user_login` VALUES ('65', '65', '0', 'common913', 'common913', '1', '2018-05-30 11:54:12', '2018-05-30 11:54:12', 'leader33', 'leader33', '33', '33');
INSERT INTO `user_login` VALUES ('66', '66', '0', 'common281', 'common281', '1', '2018-05-30 11:54:12', '2018-05-30 11:54:12', 'leader33', 'leader33', '33', '33');

-- ----------------------------
-- Table structure for user_performance
-- ----------------------------
DROP TABLE IF EXISTS `user_performance`;
CREATE TABLE `user_performance` (
  `performance_id` bigint(20) NOT NULL AUTO_INCREMENT,
  `user_info_id` bigint(20) NOT NULL,
  `is_deleted` int(11) NOT NULL,
  `performance_content` longtext COLLATE utf8_latvian_ci,
  `performance_score` int(11) DEFAULT NULL,
  `operate_user_info_id` bigint(20) DEFAULT NULL,
  `created_time` timestamp NOT NULL DEFAULT '0000-00-00 00:00:00' ON UPDATE CURRENT_TIMESTAMP,
  `modified_time` timestamp NOT NULL DEFAULT '0000-00-00 00:00:00' ON UPDATE CURRENT_TIMESTAMP,
  `is_locked` int(11) NOT NULL,
  `operate_disposition` int(11) DEFAULT NULL COMMENT '''operate_dispostion'' ',
  `performance_time` varchar(50) COLLATE utf8_latvian_ci NOT NULL,
  PRIMARY KEY (`performance_id`)
) ENGINE=InnoDB AUTO_INCREMENT=69 DEFAULT CHARSET=utf8 COLLATE=utf8_latvian_ci;

-- ----------------------------
-- Records of user_performance
-- ----------------------------
INSERT INTO `user_performance` VALUES ('1', '1', '0', '哈哈哈，真厉害！', '100', null, '2018-06-01 00:06:08', '2018-06-01 00:06:08', '0', null, '201806');
INSERT INTO `user_performance` VALUES ('2', '2', '0', '哈哈哈，真厉害！', '12', '1', '2018-06-04 06:45:26', '2018-06-04 06:45:26', '0', '4', '201806');
INSERT INTO `user_performance` VALUES ('3', '3', '0', '哈哈哈，真厉害！', '12', '1', '2018-06-04 06:45:26', '2018-06-04 06:45:26', '0', '4', '201806');
INSERT INTO `user_performance` VALUES ('4', '4', '0', '123123', '23', '1', '2018-06-04 06:45:26', '2018-06-04 06:45:26', '0', '4', '201806');
INSERT INTO `user_performance` VALUES ('5', '5', '0', '你好', '13', '1', '2018-06-04 06:45:26', '2018-06-04 06:45:26', '1', '4', '201806');
INSERT INTO `user_performance` VALUES ('6', '6', '0', '你好', '22', '1', '2018-06-04 06:45:26', '2018-06-04 06:45:26', '1', '4', '201806');
INSERT INTO `user_performance` VALUES ('7', '7', '0', '哈哈哈，真厉害！', '100', '2', '2018-06-04 06:40:25', '2018-06-04 06:40:25', '1', '4', '201806');
INSERT INTO `user_performance` VALUES ('8', '8', '0', '哈哈哈，真厉害！', '100', '2', '2018-06-04 06:40:25', '2018-06-04 06:40:25', '1', '4', '201806');
INSERT INTO `user_performance` VALUES ('9', '9', '0', '哈哈哈，真厉害！', '100', '2', '2018-06-04 06:40:25', '2018-06-04 06:40:25', '1', '4', '201806');
INSERT INTO `user_performance` VALUES ('10', '10', '0', '哈哈哈，真厉害！', '100', '2', '2018-06-04 06:40:25', '2018-06-04 06:40:25', '1', '4', '201806');
INSERT INTO `user_performance` VALUES ('11', '11', '0', '哈哈哈，真厉害！', '32', '3', '2018-06-04 00:24:35', '2018-06-04 00:24:35', '0', '4', '201806');
INSERT INTO `user_performance` VALUES ('12', '12', '0', '哈哈哈，真厉害！', '33', '3', '2018-06-04 01:08:43', '2018-06-04 01:08:43', '0', '4', '201806');
INSERT INTO `user_performance` VALUES ('13', '13', '0', '12312', '23', '3', '2018-06-04 00:24:46', '2018-06-04 00:24:46', '0', '4', '201806');
INSERT INTO `user_performance` VALUES ('14', '14', '0', '哈哈哈，真厉害！', '100', '3', '2018-06-01 00:06:08', '2018-06-01 00:06:08', '0', '4', '201806');
INSERT INTO `user_performance` VALUES ('15', '15', '0', '哈哈哈，真厉害！', '100', '3', '2018-06-01 00:06:08', '2018-06-01 00:06:08', '0', '4', '201806');
INSERT INTO `user_performance` VALUES ('16', '16', '0', '你是？', '12', '3', '2018-06-04 07:07:32', '2018-06-04 07:07:32', '0', '4', '201806');
INSERT INTO `user_performance` VALUES ('17', '17', '0', '哈哈哈，真厉害！', '100', '4', '2018-06-03 22:24:14', '2018-06-03 22:24:14', '0', '4', '201806');
INSERT INTO `user_performance` VALUES ('18', '18', '0', '哈哈哈，真厉害！', '100', '4', '2018-06-03 22:24:12', '2018-06-03 22:24:12', '0', '4', '201806');
INSERT INTO `user_performance` VALUES ('19', '19', '0', '哈哈哈，真厉害！', '100', '4', '2018-06-03 22:24:09', '2018-06-03 22:24:09', '0', '4', '201806');
INSERT INTO `user_performance` VALUES ('20', '20', '0', '哈哈哈，真厉害！', '100', '4', '2018-06-03 22:24:05', '2018-06-03 22:24:05', '0', '4', '201806');
INSERT INTO `user_performance` VALUES ('21', '21', '0', '哈哈哈，真厉害！', '100', '4', '2018-06-03 22:23:59', '2018-06-03 22:23:59', '0', '4', '201806');
INSERT INTO `user_performance` VALUES ('22', '22', '0', '哈哈哈，真厉害！', '100', '1', '2018-06-04 06:45:21', '2018-06-04 06:45:21', '1', '4', '201806');
INSERT INTO `user_performance` VALUES ('23', '23', '0', '哈哈哈，真厉害！', '22', '1', '2018-06-04 06:45:21', '2018-06-04 06:45:21', '1', '4', '201806');
INSERT INTO `user_performance` VALUES ('24', '24', '0', '哈哈哈，真厉害！', '12', '2', '2018-06-04 06:47:00', '2018-06-04 06:47:00', '1', '4', '201806');
INSERT INTO `user_performance` VALUES ('25', '25', '0', '测试信息', '12', '1', '2018-06-04 06:45:21', '2018-06-04 06:45:21', '1', '4', '201806');
INSERT INTO `user_performance` VALUES ('26', '26', '0', '哈哈哈，真厉害！', '100', '5', '2018-06-04 06:46:56', '2018-06-04 06:46:56', '1', '3', '201806');
INSERT INTO `user_performance` VALUES ('27', '27', '1', '哈哈哈，真厉害！', '100', '11', '2018-06-04 01:20:15', '2018-06-04 01:20:15', '0', '3', '201806');
INSERT INTO `user_performance` VALUES ('28', '28', '0', '哈哈哈，真厉害！', '100', '11', '2018-06-01 00:06:08', '2018-06-01 00:06:08', '0', '3', '201806');
INSERT INTO `user_performance` VALUES ('29', '29', '0', '哈哈哈，真厉害！', '100', '11', '2018-06-01 00:06:08', '2018-06-01 00:06:08', '0', '3', '201806');
INSERT INTO `user_performance` VALUES ('30', '30', '0', '哈哈哈，真厉害！', '100', '11', '2018-06-01 00:06:08', '2018-06-01 00:06:08', '0', '3', '201806');
INSERT INTO `user_performance` VALUES ('31', '31', '0', '哈哈哈，真厉害！', '100', '11', '2018-06-01 00:06:08', '2018-06-01 00:06:08', '0', '3', '201806');
INSERT INTO `user_performance` VALUES ('32', '32', '0', '哈哈哈，真厉害！', '100', '16', '2018-06-01 00:06:08', '2018-06-01 00:06:08', '0', '3', '201806');
INSERT INTO `user_performance` VALUES ('33', '33', '0', '哈哈哈，真厉害！', '100', '16', '2018-06-01 00:06:08', '2018-06-01 00:06:08', '0', '3', '201806');
INSERT INTO `user_performance` VALUES ('34', '34', '0', '哈哈哈，真厉害！', '100', '16', '2018-06-01 00:06:08', '2018-06-01 00:06:08', '0', '3', '201806');
INSERT INTO `user_performance` VALUES ('35', '35', '0', '哈哈哈，真厉害！', '100', '16', '2018-06-01 00:06:08', '2018-06-01 00:06:08', '0', '3', '201806');
INSERT INTO `user_performance` VALUES ('36', '36', '0', '哈哈哈，真厉害！', '100', '16', '2018-06-01 00:06:08', '2018-06-01 00:06:08', '0', '3', '201806');
INSERT INTO `user_performance` VALUES ('37', '37', '0', '哈哈哈，真厉害！', '100', '22', '2018-06-04 06:40:25', '2018-06-04 06:40:25', '1', '2', '201806');
INSERT INTO `user_performance` VALUES ('38', '38', '0', '哈哈哈，真厉害！', '100', '22', '2018-06-04 06:40:25', '2018-06-04 06:40:25', '1', '2', '201806');
INSERT INTO `user_performance` VALUES ('39', '39', '0', '哈哈哈，真厉害！', '100', '22', '2018-06-04 06:40:25', '2018-06-04 06:40:25', '1', '2', '201806');
INSERT INTO `user_performance` VALUES ('40', '40', '0', '哈哈哈，真厉害！', '100', '22', '2018-06-04 06:40:25', '2018-06-04 06:40:25', '1', '2', '201806');
INSERT INTO `user_performance` VALUES ('41', '41', '0', '哈哈哈，真厉害！', '100', '22', '2018-06-04 06:40:25', '2018-06-04 06:40:25', '1', '2', '201806');
INSERT INTO `user_performance` VALUES ('42', '42', '0', '哈哈哈，真厉害！', '100', '27', '2018-06-01 00:06:08', '2018-06-01 00:06:08', '0', '2', '201806');
INSERT INTO `user_performance` VALUES ('43', '43', '0', '哈哈哈，真厉害！', '100', '27', '2018-06-01 00:06:08', '2018-06-01 00:06:08', '0', '2', '201806');
INSERT INTO `user_performance` VALUES ('44', '44', '0', '哈哈哈，真厉害！', '100', '27', '2018-06-01 00:06:08', '2018-06-01 00:06:08', '0', '2', '201806');
INSERT INTO `user_performance` VALUES ('45', '45', '0', '哈哈哈，真厉害！', '100', '27', '2018-06-01 00:06:08', '2018-06-01 00:06:08', '0', '2', '201806');
INSERT INTO `user_performance` VALUES ('46', '46', '0', '哈哈哈，真厉害！', '100', '27', '2018-06-01 00:06:08', '2018-06-01 00:06:08', '0', '2', '201806');
INSERT INTO `user_performance` VALUES ('47', '47', '0', '哈哈哈，真厉害！', '100', '32', '2018-06-01 00:06:08', '2018-06-01 00:06:08', '0', '2', '201806');
INSERT INTO `user_performance` VALUES ('48', '48', '0', '哈哈哈，真厉害！', '100', '32', '2018-06-01 00:06:08', '2018-06-01 00:06:08', '0', '2', '201806');
INSERT INTO `user_performance` VALUES ('49', '49', '0', '哈哈哈，真厉害！', '100', '32', '2018-06-01 00:06:08', '2018-06-01 00:06:08', '0', '2', '201806');
INSERT INTO `user_performance` VALUES ('50', '50', '0', '哈哈哈，真厉害！', '100', '32', '2018-06-01 00:06:08', '2018-06-01 00:06:08', '0', '2', '201806');
INSERT INTO `user_performance` VALUES ('51', '51', '0', '哈哈哈，真厉害！', '100', '32', '2018-06-01 00:06:08', '2018-06-01 00:06:08', '0', '2', '201806');
INSERT INTO `user_performance` VALUES ('52', '52', '0', '哈哈哈，真厉害！', '100', '23', '2018-06-04 06:40:25', '2018-06-04 06:40:25', '1', '2', '201806');
INSERT INTO `user_performance` VALUES ('53', '53', '0', '哈哈哈，真厉害！', '100', '23', '2018-06-04 06:40:25', '2018-06-04 06:40:25', '1', '2', '201806');
INSERT INTO `user_performance` VALUES ('54', '54', '0', '哈哈哈，真厉害！', '100', '23', '2018-06-04 06:40:25', '2018-06-04 06:40:25', '1', '2', '201806');
INSERT INTO `user_performance` VALUES ('55', '55', '0', '哈哈哈，真厉害！', '100', '23', '2018-06-04 06:40:25', '2018-06-04 06:40:25', '1', '2', '201806');
INSERT INTO `user_performance` VALUES ('56', '56', '0', '哈哈哈，真厉害！', '100', '23', '2018-06-04 06:40:25', '2018-06-04 06:40:25', '1', '2', '201806');
INSERT INTO `user_performance` VALUES ('57', '57', '0', '哈哈哈，真厉害！', '100', '28', '2018-06-01 00:06:08', '2018-06-01 00:06:08', '0', '2', '201806');
INSERT INTO `user_performance` VALUES ('58', '58', '0', '哈哈哈，真厉害！', '100', '28', '2018-06-01 00:06:08', '2018-06-01 00:06:08', '0', '2', '201806');
INSERT INTO `user_performance` VALUES ('59', '59', '0', '哈哈哈，真厉害！', '100', '28', '2018-06-01 00:06:08', '2018-06-01 00:06:08', '0', '2', '201806');
INSERT INTO `user_performance` VALUES ('60', '60', '0', '哈哈哈，真厉害！', '100', '28', '2018-06-01 00:06:08', '2018-06-01 00:06:08', '0', '2', '201806');
INSERT INTO `user_performance` VALUES ('61', '61', '0', '哈哈哈，真厉害！', '100', '28', '2018-06-01 00:06:08', '2018-06-01 00:06:08', '0', '2', '201806');
INSERT INTO `user_performance` VALUES ('62', '62', '0', '哈哈哈，真厉害！', '100', '33', '2018-06-01 00:06:08', '2018-06-01 00:06:08', '0', '2', '201806');
INSERT INTO `user_performance` VALUES ('63', '63', '0', '哈哈哈，真厉害！', '100', '33', '2018-06-01 00:06:08', '2018-06-01 00:06:08', '0', '2', '201806');
INSERT INTO `user_performance` VALUES ('64', '64', '0', '哈哈哈，真厉害！', '100', '33', '2018-06-01 00:06:08', '2018-06-01 00:06:08', '0', '2', '201806');
INSERT INTO `user_performance` VALUES ('65', '65', '0', '哈哈哈，真厉害！', '100', '33', '2018-06-01 00:06:08', '2018-06-01 00:06:08', '0', '2', '201806');
INSERT INTO `user_performance` VALUES ('66', '66', '0', '哈哈哈，真厉害！', '100', '33', '2018-06-01 00:06:08', '2018-06-01 00:06:08', '0', '2', '201806');
INSERT INTO `user_performance` VALUES ('68', '27', '0', null, '12', '3', '2018-06-04 01:19:31', '2018-06-04 01:19:31', '0', '4', '201806');
